-- MySQL dump 10.13  Distrib 8.0.26, for Win64 (x86_64)
--
-- Host: 127.0.0.1    Database: foodpet
-- ------------------------------------------------------
-- Server version	8.0.26

/*!40101 SET @OLD_CHARACTER_SET_CLIENT=@@CHARACTER_SET_CLIENT */;
/*!40101 SET @OLD_CHARACTER_SET_RESULTS=@@CHARACTER_SET_RESULTS */;
/*!40101 SET @OLD_COLLATION_CONNECTION=@@COLLATION_CONNECTION */;
/*!50503 SET NAMES utf8 */;
/*!40103 SET @OLD_TIME_ZONE=@@TIME_ZONE */;
/*!40103 SET TIME_ZONE='+00:00' */;
/*!40014 SET @OLD_UNIQUE_CHECKS=@@UNIQUE_CHECKS, UNIQUE_CHECKS=0 */;
/*!40014 SET @OLD_FOREIGN_KEY_CHECKS=@@FOREIGN_KEY_CHECKS, FOREIGN_KEY_CHECKS=0 */;
/*!40101 SET @OLD_SQL_MODE=@@SQL_MODE, SQL_MODE='NO_AUTO_VALUE_ON_ZERO' */;
/*!40111 SET @OLD_SQL_NOTES=@@SQL_NOTES, SQL_NOTES=0 */;

--
-- Table structure for table `tbl_categories`
--

DROP TABLE IF EXISTS `tbl_categories`;
/*!40101 SET @saved_cs_client     = @@character_set_client */;
/*!50503 SET character_set_client = utf8mb4 */;
CREATE TABLE `tbl_categories` (
  `id` int NOT NULL AUTO_INCREMENT,
  `name` varchar(200) NOT NULL,
  `description` varchar(200) DEFAULT 'null',
  `created_at` datetime DEFAULT NULL,
  `updated_at` datetime DEFAULT NULL,
  PRIMARY KEY (`id`)
) ENGINE=InnoDB AUTO_INCREMENT=3 DEFAULT CHARSET=utf8mb4 COLLATE=utf8mb4_0900_ai_ci;
/*!40101 SET character_set_client = @saved_cs_client */;

--
-- Dumping data for table `tbl_categories`
--

LOCK TABLES `tbl_categories` WRITE;
/*!40000 ALTER TABLE `tbl_categories` DISABLE KEYS */;
INSERT INTO `tbl_categories` VALUES (1,'Dau xanh','1',NULL,NULL),(2,'Rau Ma','2',NULL,NULL);
/*!40000 ALTER TABLE `tbl_categories` ENABLE KEYS */;
UNLOCK TABLES;

--
-- Table structure for table `tbl_contact`
--

DROP TABLE IF EXISTS `tbl_contact`;
/*!40101 SET @saved_cs_client     = @@character_set_client */;
/*!50503 SET character_set_client = utf8mb4 */;
CREATE TABLE `tbl_contact` (
  `id` int NOT NULL AUTO_INCREMENT,
  `name` varchar(200) NOT NULL,
  `adress` varchar(200) NOT NULL,
  `phone` varchar(200) NOT NULL,
  `note` varchar(200) DEFAULT NULL,
  `created_at` datetime DEFAULT NULL,
  `updated_at` datetime DEFAULT NULL,
  PRIMARY KEY (`id`)
) ENGINE=InnoDB AUTO_INCREMENT=3 DEFAULT CHARSET=utf8mb4 COLLATE=utf8mb4_0900_ai_ci;
/*!40101 SET character_set_client = @saved_cs_client */;

--
-- Dumping data for table `tbl_contact`
--

LOCK TABLES `tbl_contact` WRITE;
/*!40000 ALTER TABLE `tbl_contact` DISABLE KEYS */;
INSERT INTO `tbl_contact` VALUES (1,'thanh1','hanoi','066',NULL,NULL,NULL),(2,'thanh2','hanoi','099',NULL,NULL,NULL);
/*!40000 ALTER TABLE `tbl_contact` ENABLE KEYS */;
UNLOCK TABLES;

--
-- Table structure for table `tbl_images_product`
--

DROP TABLE IF EXISTS `tbl_images_product`;
/*!40101 SET @saved_cs_client     = @@character_set_client */;
/*!50503 SET character_set_client = utf8mb4 */;
CREATE TABLE `tbl_images_product` (
  `id` int NOT NULL AUTO_INCREMENT,
  `name` varchar(200) NOT NULL,
  `product_id` int NOT NULL,
  `created_at` datetime DEFAULT NULL,
  `updated_at` datetime DEFAULT NULL,
  `path` varchar(200) DEFAULT NULL,
  PRIMARY KEY (`id`),
  KEY `fk_images_product_idx` (`product_id`),
  CONSTRAINT `fk_images_product` FOREIGN KEY (`product_id`) REFERENCES `tbl_products` (`id`) ON DELETE CASCADE ON UPDATE RESTRICT
) ENGINE=InnoDB AUTO_INCREMENT=69 DEFAULT CHARSET=utf8mb4 COLLATE=utf8mb4_0900_ai_ci;
/*!40101 SET character_set_client = @saved_cs_client */;

--
-- Dumping data for table `tbl_images_product`
--

LOCK TABLES `tbl_images_product` WRITE;
/*!40000 ALTER TABLE `tbl_images_product` DISABLE KEYS */;
INSERT INTO `tbl_images_product` VALUES (60,'dish-6.png',37,NULL,NULL,'/products/pictures/dish-6.png'),(61,'home-img-1.png',37,NULL,NULL,'/products/pictures/home-img-1.png'),(62,'dish-5.png',37,NULL,NULL,'/products/pictures/dish-5.png'),(66,'pic-3.png',38,NULL,NULL,'/products/pictures/pic-3.png'),(67,'pic-4.png',38,NULL,NULL,'/products/pictures/pic-4.png'),(68,'pic-2.png',38,NULL,NULL,'/products/pictures/pic-2.png');
/*!40000 ALTER TABLE `tbl_images_product` ENABLE KEYS */;
UNLOCK TABLES;

--
-- Table structure for table `tbl_order`
--

DROP TABLE IF EXISTS `tbl_order`;
/*!40101 SET @saved_cs_client     = @@character_set_client */;
/*!50503 SET character_set_client = utf8mb4 */;
CREATE TABLE `tbl_order` (
  `id` int NOT NULL AUTO_INCREMENT,
  `user_id` int NOT NULL,
  `total_price` decimal(13,2) DEFAULT NULL,
  `created_at` datetime DEFAULT NULL,
  `updated_at` datetime DEFAULT NULL,
  `shipping_id` int DEFAULT NULL,
  `status` int DEFAULT NULL,
  `contact_id` int NOT NULL,
  PRIMARY KEY (`id`),
  KEY `fk_contact_id_idx` (`contact_id`),
  KEY `fk_shipping_idx` (`shipping_id`),
  KEY `fk_user_id_orders_idx` (`user_id`),
  CONSTRAINT `fk_contact_id` FOREIGN KEY (`contact_id`) REFERENCES `tbl_contact` (`id`) ON DELETE CASCADE ON UPDATE RESTRICT,
  CONSTRAINT `fk_shipping` FOREIGN KEY (`shipping_id`) REFERENCES `tbl_shipers_transport` (`id`) ON DELETE CASCADE ON UPDATE RESTRICT,
  CONSTRAINT `fk_user_id_orders` FOREIGN KEY (`user_id`) REFERENCES `tbl_users` (`id`) ON DELETE CASCADE ON UPDATE RESTRICT
) ENGINE=InnoDB AUTO_INCREMENT=7 DEFAULT CHARSET=utf8mb4 COLLATE=utf8mb4_0900_ai_ci;
/*!40101 SET character_set_client = @saved_cs_client */;

--
-- Dumping data for table `tbl_order`
--

LOCK TABLES `tbl_order` WRITE;
/*!40000 ALTER TABLE `tbl_order` DISABLE KEYS */;
INSERT INTO `tbl_order` VALUES (1,1,599.00,'2020-01-01 00:00:00','2020-01-01 00:00:00',1,1,1),(2,1,599.00,'2020-01-01 00:00:00','2020-01-01 00:00:00',1,1,1),(3,1,599.00,'2020-01-01 00:00:00','2020-01-01 00:00:00',1,1,1),(4,1,599.00,'2020-01-01 00:00:00','2020-01-01 00:00:00',1,1,1),(5,1,599.00,'2020-01-01 00:00:00','2020-01-01 00:00:00',1,1,1),(6,1,599.00,'2020-01-01 00:00:00','2020-01-01 00:00:00',1,1,1);
/*!40000 ALTER TABLE `tbl_order` ENABLE KEYS */;
UNLOCK TABLES;

--
-- Table structure for table `tbl_products`
--

DROP TABLE IF EXISTS `tbl_products`;
/*!40101 SET @saved_cs_client     = @@character_set_client */;
/*!50503 SET character_set_client = utf8mb4 */;
CREATE TABLE `tbl_products` (
  `id` int NOT NULL AUTO_INCREMENT,
  `name` varchar(200) NOT NULL,
  `category_id` int NOT NULL,
  `description` longtext NOT NULL,
  `price` decimal(13,2) NOT NULL,
  `dateofmanufacture` datetime DEFAULT NULL,
  `expiry` datetime DEFAULT NULL,
  `status` int DEFAULT NULL,
  `avg_rating` decimal(13,2) DEFAULT NULL,
  `created_at` datetime DEFAULT NULL,
  `updated_at` datetime DEFAULT NULL,
  `avatar` varchar(200) DEFAULT NULL,
  PRIMARY KEY (`id`),
  KEY `fk_category_idx` (`category_id`),
  CONSTRAINT `fk_category` FOREIGN KEY (`category_id`) REFERENCES `tbl_categories` (`id`) ON DELETE CASCADE ON UPDATE RESTRICT
) ENGINE=InnoDB AUTO_INCREMENT=320 DEFAULT CHARSET=utf8mb4 COLLATE=utf8mb4_0900_ai_ci COMMENT='expiry là hạn sử dụng , dateofmanufacture ngày sản xuất, category_id khóa phụ';
/*!40101 SET character_set_client = @saved_cs_client */;

--
-- Dumping data for table `tbl_products`
--

LOCK TABLES `tbl_products` WRITE;
/*!40000 ALTER TABLE `tbl_products` DISABLE KEYS */;
INSERT INTO `tbl_products` VALUES (36,'Subway@gmail',1,'555555',55555.00,NULL,NULL,NULL,NULL,NULL,NULL,'\\products\\avatars\\home-img-2.png'),(37,'Subway@gmail',1,'555555',55555.00,NULL,NULL,NULL,NULL,NULL,NULL,'/products/avatars/home-img-2.png'),(38,'Subway@gmail',1,'5555',55555.00,NULL,NULL,NULL,NULL,NULL,NULL,'/products/avatars/home-img-3.png'),(39,'0',1,'0',0.00,NULL,NULL,NULL,NULL,NULL,NULL,NULL),(40,'1',1,'1',1.00,NULL,NULL,NULL,NULL,NULL,NULL,NULL),(41,'2',1,'2',2.00,NULL,NULL,NULL,NULL,NULL,NULL,NULL),(42,'3',1,'3',3.00,NULL,NULL,NULL,NULL,NULL,NULL,NULL),(43,'4',1,'4',4.00,NULL,NULL,NULL,NULL,NULL,NULL,NULL),(44,'5',1,'5',5.00,NULL,NULL,NULL,NULL,NULL,NULL,NULL),(45,'6',1,'6',6.00,NULL,NULL,NULL,NULL,NULL,NULL,NULL),(46,'7',1,'7',7.00,NULL,NULL,NULL,NULL,NULL,NULL,NULL),(47,'8',1,'8',8.00,NULL,NULL,NULL,NULL,NULL,NULL,NULL),(48,'9',1,'9',9.00,NULL,NULL,NULL,NULL,NULL,NULL,NULL),(49,'10',1,'10',10.00,NULL,NULL,NULL,NULL,NULL,NULL,NULL),(50,'11',1,'11',11.00,NULL,NULL,NULL,NULL,NULL,NULL,NULL),(51,'12',1,'12',12.00,NULL,NULL,NULL,NULL,NULL,NULL,NULL),(52,'13',1,'13',13.00,NULL,NULL,NULL,NULL,NULL,NULL,NULL),(53,'14',1,'14',14.00,NULL,NULL,NULL,NULL,NULL,NULL,NULL),(54,'15',1,'15',15.00,NULL,NULL,NULL,NULL,NULL,NULL,NULL),(55,'16',1,'16',16.00,NULL,NULL,NULL,NULL,NULL,NULL,NULL),(56,'17',1,'17',17.00,NULL,NULL,NULL,NULL,NULL,NULL,NULL),(57,'18',1,'18',18.00,NULL,NULL,NULL,NULL,NULL,NULL,NULL),(58,'19',1,'19',19.00,NULL,NULL,NULL,NULL,NULL,NULL,NULL),(59,'20',1,'20',20.00,NULL,NULL,NULL,NULL,NULL,NULL,NULL),(60,'21',1,'21',21.00,NULL,NULL,NULL,NULL,NULL,NULL,NULL),(61,'22',1,'22',22.00,NULL,NULL,NULL,NULL,NULL,NULL,NULL),(62,'23',1,'23',23.00,NULL,NULL,NULL,NULL,NULL,NULL,NULL),(63,'24',1,'24',24.00,NULL,NULL,NULL,NULL,NULL,NULL,NULL),(64,'25',1,'25',25.00,NULL,NULL,NULL,NULL,NULL,NULL,NULL),(65,'26',1,'26',26.00,NULL,NULL,NULL,NULL,NULL,NULL,NULL),(66,'27',1,'27',27.00,NULL,NULL,NULL,NULL,NULL,NULL,NULL),(67,'28',1,'28',28.00,NULL,NULL,NULL,NULL,NULL,NULL,NULL),(68,'29',1,'29',29.00,NULL,NULL,NULL,NULL,NULL,NULL,NULL),(69,'30',1,'30',30.00,NULL,NULL,NULL,NULL,NULL,NULL,NULL),(70,'31',1,'31',31.00,NULL,NULL,NULL,NULL,NULL,NULL,NULL),(71,'32',1,'32',32.00,NULL,NULL,NULL,NULL,NULL,NULL,NULL),(72,'33',1,'33',33.00,NULL,NULL,NULL,NULL,NULL,NULL,NULL),(73,'34',1,'34',34.00,NULL,NULL,NULL,NULL,NULL,NULL,NULL),(74,'35',1,'35',35.00,NULL,NULL,NULL,NULL,NULL,NULL,NULL),(75,'36',1,'36',36.00,NULL,NULL,NULL,NULL,NULL,NULL,NULL),(76,'37',1,'37',37.00,NULL,NULL,NULL,NULL,NULL,NULL,NULL),(77,'38',1,'38',38.00,NULL,NULL,NULL,NULL,NULL,NULL,NULL),(78,'39',1,'39',39.00,NULL,NULL,NULL,NULL,NULL,NULL,NULL),(79,'0',1,'0',0.00,NULL,NULL,NULL,NULL,NULL,NULL,NULL),(80,'1',1,'1',1.00,NULL,NULL,NULL,NULL,NULL,NULL,NULL),(81,'2',1,'2',2.00,NULL,NULL,NULL,NULL,NULL,NULL,NULL),(82,'3',1,'3',3.00,NULL,NULL,NULL,NULL,NULL,NULL,NULL),(83,'4',1,'4',4.00,NULL,NULL,NULL,NULL,NULL,NULL,NULL),(84,'5',1,'5',5.00,NULL,NULL,NULL,NULL,NULL,NULL,NULL),(85,'6',1,'6',6.00,NULL,NULL,NULL,NULL,NULL,NULL,NULL),(86,'7',1,'7',7.00,NULL,NULL,NULL,NULL,NULL,NULL,NULL),(87,'8',1,'8',8.00,NULL,NULL,NULL,NULL,NULL,NULL,NULL),(88,'9',1,'9',9.00,NULL,NULL,NULL,NULL,NULL,NULL,NULL),(89,'10',1,'10',10.00,NULL,NULL,NULL,NULL,NULL,NULL,NULL),(90,'11',1,'11',11.00,NULL,NULL,NULL,NULL,NULL,NULL,NULL),(91,'12',1,'12',12.00,NULL,NULL,NULL,NULL,NULL,NULL,NULL),(92,'13',1,'13',13.00,NULL,NULL,NULL,NULL,NULL,NULL,NULL),(93,'14',1,'14',14.00,NULL,NULL,NULL,NULL,NULL,NULL,NULL),(94,'15',1,'15',15.00,NULL,NULL,NULL,NULL,NULL,NULL,NULL),(95,'16',1,'16',16.00,NULL,NULL,NULL,NULL,NULL,NULL,NULL),(96,'17',1,'17',17.00,NULL,NULL,NULL,NULL,NULL,NULL,NULL),(97,'18',1,'18',18.00,NULL,NULL,NULL,NULL,NULL,NULL,NULL),(98,'19',1,'19',19.00,NULL,NULL,NULL,NULL,NULL,NULL,NULL),(99,'20',1,'20',20.00,NULL,NULL,NULL,NULL,NULL,NULL,NULL),(100,'21',1,'21',21.00,NULL,NULL,NULL,NULL,NULL,NULL,NULL),(101,'22',1,'22',22.00,NULL,NULL,NULL,NULL,NULL,NULL,NULL),(102,'23',1,'23',23.00,NULL,NULL,NULL,NULL,NULL,NULL,NULL),(103,'24',1,'24',24.00,NULL,NULL,NULL,NULL,NULL,NULL,NULL),(104,'25',1,'25',25.00,NULL,NULL,NULL,NULL,NULL,NULL,NULL),(105,'26',1,'26',26.00,NULL,NULL,NULL,NULL,NULL,NULL,NULL),(106,'27',1,'27',27.00,NULL,NULL,NULL,NULL,NULL,NULL,NULL),(107,'28',1,'28',28.00,NULL,NULL,NULL,NULL,NULL,NULL,NULL),(108,'29',1,'29',29.00,NULL,NULL,NULL,NULL,NULL,NULL,NULL),(109,'30',1,'30',30.00,NULL,NULL,NULL,NULL,NULL,NULL,NULL),(110,'31',1,'31',31.00,NULL,NULL,NULL,NULL,NULL,NULL,NULL),(111,'32',1,'32',32.00,NULL,NULL,NULL,NULL,NULL,NULL,NULL),(112,'33',1,'33',33.00,NULL,NULL,NULL,NULL,NULL,NULL,NULL),(113,'34',1,'34',34.00,NULL,NULL,NULL,NULL,NULL,NULL,NULL),(114,'35',1,'35',35.00,NULL,NULL,NULL,NULL,NULL,NULL,NULL),(115,'36',1,'36',36.00,NULL,NULL,NULL,NULL,NULL,NULL,NULL),(116,'37',1,'37',37.00,NULL,NULL,NULL,NULL,NULL,NULL,NULL),(117,'38',1,'38',38.00,NULL,NULL,NULL,NULL,NULL,NULL,NULL),(118,'39',1,'39',39.00,NULL,NULL,NULL,NULL,NULL,NULL,NULL),(119,'0',1,'0',0.00,NULL,NULL,NULL,NULL,NULL,NULL,NULL),(120,'1',1,'1',1.00,NULL,NULL,NULL,NULL,NULL,NULL,NULL),(121,'2',1,'2',2.00,NULL,NULL,NULL,NULL,NULL,NULL,NULL),(122,'3',1,'3',3.00,NULL,NULL,NULL,NULL,NULL,NULL,NULL),(123,'4',1,'4',4.00,NULL,NULL,NULL,NULL,NULL,NULL,NULL),(124,'5',1,'5',5.00,NULL,NULL,NULL,NULL,NULL,NULL,NULL),(125,'6',1,'6',6.00,NULL,NULL,NULL,NULL,NULL,NULL,NULL),(126,'7',1,'7',7.00,NULL,NULL,NULL,NULL,NULL,NULL,NULL),(127,'8',1,'8',8.00,NULL,NULL,NULL,NULL,NULL,NULL,NULL),(128,'9',1,'9',9.00,NULL,NULL,NULL,NULL,NULL,NULL,NULL),(129,'10',1,'10',10.00,NULL,NULL,NULL,NULL,NULL,NULL,NULL),(130,'11',1,'11',11.00,NULL,NULL,NULL,NULL,NULL,NULL,NULL),(131,'12',1,'12',12.00,NULL,NULL,NULL,NULL,NULL,NULL,NULL),(132,'13',1,'13',13.00,NULL,NULL,NULL,NULL,NULL,NULL,NULL),(133,'14',1,'14',14.00,NULL,NULL,NULL,NULL,NULL,NULL,NULL),(134,'15',1,'15',15.00,NULL,NULL,NULL,NULL,NULL,NULL,NULL),(135,'16',1,'16',16.00,NULL,NULL,NULL,NULL,NULL,NULL,NULL),(136,'17',1,'17',17.00,NULL,NULL,NULL,NULL,NULL,NULL,NULL),(137,'18',1,'18',18.00,NULL,NULL,NULL,NULL,NULL,NULL,NULL),(138,'19',1,'19',19.00,NULL,NULL,NULL,NULL,NULL,NULL,NULL),(139,'20',1,'20',20.00,NULL,NULL,NULL,NULL,NULL,NULL,NULL),(140,'21',1,'21',21.00,NULL,NULL,NULL,NULL,NULL,NULL,NULL),(141,'22',1,'22',22.00,NULL,NULL,NULL,NULL,NULL,NULL,NULL),(142,'23',1,'23',23.00,NULL,NULL,NULL,NULL,NULL,NULL,NULL),(143,'24',1,'24',24.00,NULL,NULL,NULL,NULL,NULL,NULL,NULL),(144,'25',1,'25',25.00,NULL,NULL,NULL,NULL,NULL,NULL,NULL),(145,'26',1,'26',26.00,NULL,NULL,NULL,NULL,NULL,NULL,NULL),(146,'27',1,'27',27.00,NULL,NULL,NULL,NULL,NULL,NULL,NULL),(147,'28',1,'28',28.00,NULL,NULL,NULL,NULL,NULL,NULL,NULL),(148,'29',1,'29',29.00,NULL,NULL,NULL,NULL,NULL,NULL,NULL),(149,'30',1,'30',30.00,NULL,NULL,NULL,NULL,NULL,NULL,NULL),(150,'31',1,'31',31.00,NULL,NULL,NULL,NULL,NULL,NULL,NULL),(151,'32',1,'32',32.00,NULL,NULL,NULL,NULL,NULL,NULL,NULL),(152,'33',1,'33',33.00,NULL,NULL,NULL,NULL,NULL,NULL,NULL),(153,'34',1,'34',34.00,NULL,NULL,NULL,NULL,NULL,NULL,NULL),(154,'35',1,'35',35.00,NULL,NULL,NULL,NULL,NULL,NULL,NULL),(155,'36',1,'36',36.00,NULL,NULL,NULL,NULL,NULL,NULL,NULL),(156,'37',1,'37',37.00,NULL,NULL,NULL,NULL,NULL,NULL,NULL),(157,'38',1,'38',38.00,NULL,NULL,NULL,NULL,NULL,NULL,NULL),(158,'39',1,'39',39.00,NULL,NULL,NULL,NULL,NULL,NULL,NULL),(159,'0',1,'0',0.00,NULL,NULL,NULL,NULL,NULL,NULL,NULL),(160,'1',1,'1',1.00,NULL,NULL,NULL,NULL,NULL,NULL,NULL),(161,'2',1,'2',2.00,NULL,NULL,NULL,NULL,NULL,NULL,NULL),(162,'3',1,'3',3.00,NULL,NULL,NULL,NULL,NULL,NULL,NULL),(163,'4',1,'4',4.00,NULL,NULL,NULL,NULL,NULL,NULL,NULL),(164,'5',1,'5',5.00,NULL,NULL,NULL,NULL,NULL,NULL,NULL),(165,'6',1,'6',6.00,NULL,NULL,NULL,NULL,NULL,NULL,NULL),(166,'7',1,'7',7.00,NULL,NULL,NULL,NULL,NULL,NULL,NULL),(167,'8',1,'8',8.00,NULL,NULL,NULL,NULL,NULL,NULL,NULL),(168,'9',1,'9',9.00,NULL,NULL,NULL,NULL,NULL,NULL,NULL),(169,'10',1,'10',10.00,NULL,NULL,NULL,NULL,NULL,NULL,NULL),(170,'11',1,'11',11.00,NULL,NULL,NULL,NULL,NULL,NULL,NULL),(171,'12',1,'12',12.00,NULL,NULL,NULL,NULL,NULL,NULL,NULL),(172,'13',1,'13',13.00,NULL,NULL,NULL,NULL,NULL,NULL,NULL),(173,'14',1,'14',14.00,NULL,NULL,NULL,NULL,NULL,NULL,NULL),(174,'15',1,'15',15.00,NULL,NULL,NULL,NULL,NULL,NULL,NULL),(175,'16',1,'16',16.00,NULL,NULL,NULL,NULL,NULL,NULL,NULL),(176,'17',1,'17',17.00,NULL,NULL,NULL,NULL,NULL,NULL,NULL),(177,'18',1,'18',18.00,NULL,NULL,NULL,NULL,NULL,NULL,NULL),(178,'19',1,'19',19.00,NULL,NULL,NULL,NULL,NULL,NULL,NULL),(179,'20',1,'20',20.00,NULL,NULL,NULL,NULL,NULL,NULL,NULL),(180,'21',1,'21',21.00,NULL,NULL,NULL,NULL,NULL,NULL,NULL),(181,'22',1,'22',22.00,NULL,NULL,NULL,NULL,NULL,NULL,NULL),(182,'23',1,'23',23.00,NULL,NULL,NULL,NULL,NULL,NULL,NULL),(183,'24',1,'24',24.00,NULL,NULL,NULL,NULL,NULL,NULL,NULL),(184,'25',1,'25',25.00,NULL,NULL,NULL,NULL,NULL,NULL,NULL),(185,'26',1,'26',26.00,NULL,NULL,NULL,NULL,NULL,NULL,NULL),(186,'27',1,'27',27.00,NULL,NULL,NULL,NULL,NULL,NULL,NULL),(187,'28',1,'28',28.00,NULL,NULL,NULL,NULL,NULL,NULL,NULL),(188,'29',1,'29',29.00,NULL,NULL,NULL,NULL,NULL,NULL,NULL),(189,'30',1,'30',30.00,NULL,NULL,NULL,NULL,NULL,NULL,NULL),(190,'31',1,'31',31.00,NULL,NULL,NULL,NULL,NULL,NULL,NULL),(191,'32',1,'32',32.00,NULL,NULL,NULL,NULL,NULL,NULL,NULL),(192,'33',1,'33',33.00,NULL,NULL,NULL,NULL,NULL,NULL,NULL),(193,'34',1,'34',34.00,NULL,NULL,NULL,NULL,NULL,NULL,NULL),(194,'35',1,'35',35.00,NULL,NULL,NULL,NULL,NULL,NULL,NULL),(195,'36',1,'36',36.00,NULL,NULL,NULL,NULL,NULL,NULL,NULL),(196,'37',1,'37',37.00,NULL,NULL,NULL,NULL,NULL,NULL,NULL),(197,'38',1,'38',38.00,NULL,NULL,NULL,NULL,NULL,NULL,NULL),(198,'39',1,'39',39.00,NULL,NULL,NULL,NULL,NULL,NULL,NULL),(199,'0',1,'0',0.00,NULL,NULL,NULL,NULL,NULL,NULL,NULL),(200,'1',1,'1',1.00,NULL,NULL,NULL,NULL,NULL,NULL,NULL),(201,'2',1,'2',2.00,NULL,NULL,NULL,NULL,NULL,NULL,NULL),(202,'3',1,'3',3.00,NULL,NULL,NULL,NULL,NULL,NULL,NULL),(203,'4',1,'4',4.00,NULL,NULL,NULL,NULL,NULL,NULL,NULL),(204,'5',1,'5',5.00,NULL,NULL,NULL,NULL,NULL,NULL,NULL),(205,'6',1,'6',6.00,NULL,NULL,NULL,NULL,NULL,NULL,NULL),(206,'7',1,'7',7.00,NULL,NULL,NULL,NULL,NULL,NULL,NULL),(207,'8',1,'8',8.00,NULL,NULL,NULL,NULL,NULL,NULL,NULL),(208,'9',1,'9',9.00,NULL,NULL,NULL,NULL,NULL,NULL,NULL),(209,'10',1,'10',10.00,NULL,NULL,NULL,NULL,NULL,NULL,NULL),(210,'11',1,'11',11.00,NULL,NULL,NULL,NULL,NULL,NULL,NULL),(211,'12',1,'12',12.00,NULL,NULL,NULL,NULL,NULL,NULL,NULL),(212,'13',1,'13',13.00,NULL,NULL,NULL,NULL,NULL,NULL,NULL),(213,'14',1,'14',14.00,NULL,NULL,NULL,NULL,NULL,NULL,NULL),(214,'15',1,'15',15.00,NULL,NULL,NULL,NULL,NULL,NULL,NULL),(215,'16',1,'16',16.00,NULL,NULL,NULL,NULL,NULL,NULL,NULL),(216,'17',1,'17',17.00,NULL,NULL,NULL,NULL,NULL,NULL,NULL),(217,'18',1,'18',18.00,NULL,NULL,NULL,NULL,NULL,NULL,NULL),(218,'19',1,'19',19.00,NULL,NULL,NULL,NULL,NULL,NULL,NULL),(219,'20',1,'20',20.00,NULL,NULL,NULL,NULL,NULL,NULL,NULL),(220,'21',1,'21',21.00,NULL,NULL,NULL,NULL,NULL,NULL,NULL),(221,'22',1,'22',22.00,NULL,NULL,NULL,NULL,NULL,NULL,NULL),(222,'23',1,'23',23.00,NULL,NULL,NULL,NULL,NULL,NULL,NULL),(223,'24',1,'24',24.00,NULL,NULL,NULL,NULL,NULL,NULL,NULL),(224,'25',1,'25',25.00,NULL,NULL,NULL,NULL,NULL,NULL,NULL),(225,'26',1,'26',26.00,NULL,NULL,NULL,NULL,NULL,NULL,NULL),(226,'27',1,'27',27.00,NULL,NULL,NULL,NULL,NULL,NULL,NULL),(227,'28',1,'28',28.00,NULL,NULL,NULL,NULL,NULL,NULL,NULL),(228,'29',1,'29',29.00,NULL,NULL,NULL,NULL,NULL,NULL,NULL),(229,'30',1,'30',30.00,NULL,NULL,NULL,NULL,NULL,NULL,NULL),(230,'31',1,'31',31.00,NULL,NULL,NULL,NULL,NULL,NULL,NULL),(231,'32',1,'32',32.00,NULL,NULL,NULL,NULL,NULL,NULL,NULL),(232,'33',1,'33',33.00,NULL,NULL,NULL,NULL,NULL,NULL,NULL),(233,'34',1,'34',34.00,NULL,NULL,NULL,NULL,NULL,NULL,NULL),(234,'35',1,'35',35.00,NULL,NULL,NULL,NULL,NULL,NULL,NULL),(235,'36',1,'36',36.00,NULL,NULL,NULL,NULL,NULL,NULL,NULL),(236,'37',1,'37',37.00,NULL,NULL,NULL,NULL,NULL,NULL,NULL),(237,'38',1,'38',38.00,NULL,NULL,NULL,NULL,NULL,NULL,NULL),(238,'39',1,'39',39.00,NULL,NULL,NULL,NULL,NULL,NULL,NULL),(239,'0',1,'0',0.00,NULL,NULL,NULL,NULL,NULL,NULL,NULL),(240,'1',1,'1',1.00,NULL,NULL,NULL,NULL,NULL,NULL,NULL),(241,'2',1,'2',2.00,NULL,NULL,NULL,NULL,NULL,NULL,NULL),(242,'3',1,'3',3.00,NULL,NULL,NULL,NULL,NULL,NULL,NULL),(243,'4',1,'4',4.00,NULL,NULL,NULL,NULL,NULL,NULL,NULL),(244,'5',1,'5',5.00,NULL,NULL,NULL,NULL,NULL,NULL,NULL),(245,'6',1,'6',6.00,NULL,NULL,NULL,NULL,NULL,NULL,NULL),(246,'7',1,'7',7.00,NULL,NULL,NULL,NULL,NULL,NULL,NULL),(247,'8',1,'8',8.00,NULL,NULL,NULL,NULL,NULL,NULL,NULL),(248,'9',1,'9',9.00,NULL,NULL,NULL,NULL,NULL,NULL,NULL),(249,'10',1,'10',10.00,NULL,NULL,NULL,NULL,NULL,NULL,NULL),(250,'11',1,'11',11.00,NULL,NULL,NULL,NULL,NULL,NULL,NULL),(251,'12',1,'12',12.00,NULL,NULL,NULL,NULL,NULL,NULL,NULL),(252,'13',1,'13',13.00,NULL,NULL,NULL,NULL,NULL,NULL,NULL),(253,'14',1,'14',14.00,NULL,NULL,NULL,NULL,NULL,NULL,NULL),(254,'15',1,'15',15.00,NULL,NULL,NULL,NULL,NULL,NULL,NULL),(255,'16',1,'16',16.00,NULL,NULL,NULL,NULL,NULL,NULL,NULL),(256,'17',1,'17',17.00,NULL,NULL,NULL,NULL,NULL,NULL,NULL),(257,'18',1,'18',18.00,NULL,NULL,NULL,NULL,NULL,NULL,NULL),(258,'19',1,'19',19.00,NULL,NULL,NULL,NULL,NULL,NULL,NULL),(259,'20',1,'20',20.00,NULL,NULL,NULL,NULL,NULL,NULL,NULL),(260,'21',1,'21',21.00,NULL,NULL,NULL,NULL,NULL,NULL,NULL),(261,'22',1,'22',22.00,NULL,NULL,NULL,NULL,NULL,NULL,NULL),(262,'23',1,'23',23.00,NULL,NULL,NULL,NULL,NULL,NULL,NULL),(263,'24',1,'24',24.00,NULL,NULL,NULL,NULL,NULL,NULL,NULL),(264,'25',1,'25',25.00,NULL,NULL,NULL,NULL,NULL,NULL,NULL),(265,'26',1,'26',26.00,NULL,NULL,NULL,NULL,NULL,NULL,NULL),(266,'27',1,'27',27.00,NULL,NULL,NULL,NULL,NULL,NULL,NULL),(267,'28',1,'28',28.00,NULL,NULL,NULL,NULL,NULL,NULL,NULL),(268,'29',1,'29',29.00,NULL,NULL,NULL,NULL,NULL,NULL,NULL),(269,'30',1,'30',30.00,NULL,NULL,NULL,NULL,NULL,NULL,NULL),(270,'31',1,'31',31.00,NULL,NULL,NULL,NULL,NULL,NULL,NULL),(271,'32',1,'32',32.00,NULL,NULL,NULL,NULL,NULL,NULL,NULL),(272,'33',1,'33',33.00,NULL,NULL,NULL,NULL,NULL,NULL,NULL),(273,'34',1,'34',34.00,NULL,NULL,NULL,NULL,NULL,NULL,NULL),(274,'35',1,'35',35.00,NULL,NULL,NULL,NULL,NULL,NULL,NULL),(275,'36',1,'36',36.00,NULL,NULL,NULL,NULL,NULL,NULL,NULL),(276,'37',1,'37',37.00,NULL,NULL,NULL,NULL,NULL,NULL,NULL),(277,'38',1,'38',38.00,NULL,NULL,NULL,NULL,NULL,NULL,NULL),(278,'39',1,'39',39.00,NULL,NULL,NULL,NULL,NULL,NULL,NULL),(279,'0',1,'0',0.00,NULL,NULL,NULL,NULL,NULL,NULL,NULL),(280,'1',1,'1',1.00,NULL,NULL,NULL,NULL,NULL,NULL,NULL),(281,'2',1,'2',2.00,NULL,NULL,NULL,NULL,NULL,NULL,NULL),(282,'3',1,'3',3.00,NULL,NULL,NULL,NULL,NULL,NULL,NULL),(283,'4',1,'4',4.00,NULL,NULL,NULL,NULL,NULL,NULL,NULL),(284,'5',1,'5',5.00,NULL,NULL,NULL,NULL,NULL,NULL,NULL),(285,'6',1,'6',6.00,NULL,NULL,NULL,NULL,NULL,NULL,NULL),(286,'7',1,'7',7.00,NULL,NULL,NULL,NULL,NULL,NULL,NULL),(287,'8',1,'8',8.00,NULL,NULL,NULL,NULL,NULL,NULL,NULL),(288,'9',1,'9',9.00,NULL,NULL,NULL,NULL,NULL,NULL,NULL),(289,'10',1,'10',10.00,NULL,NULL,NULL,NULL,NULL,NULL,NULL),(290,'11',1,'11',11.00,NULL,NULL,NULL,NULL,NULL,NULL,NULL),(291,'12',1,'12',12.00,NULL,NULL,NULL,NULL,NULL,NULL,NULL),(292,'13',1,'13',13.00,NULL,NULL,NULL,NULL,NULL,NULL,NULL),(293,'14',1,'14',14.00,NULL,NULL,NULL,NULL,NULL,NULL,NULL),(294,'15',1,'15',15.00,NULL,NULL,NULL,NULL,NULL,NULL,NULL),(295,'16',1,'16',16.00,NULL,NULL,NULL,NULL,NULL,NULL,NULL),(296,'17',1,'17',17.00,NULL,NULL,NULL,NULL,NULL,NULL,NULL),(297,'18',1,'18',18.00,NULL,NULL,NULL,NULL,NULL,NULL,NULL),(298,'19',1,'19',19.00,NULL,NULL,NULL,NULL,NULL,NULL,NULL),(299,'20',1,'20',20.00,NULL,NULL,NULL,NULL,NULL,NULL,NULL),(300,'21',1,'21',21.00,NULL,NULL,NULL,NULL,NULL,NULL,NULL),(301,'22',1,'22',22.00,NULL,NULL,NULL,NULL,NULL,NULL,NULL),(302,'23',1,'23',23.00,NULL,NULL,NULL,NULL,NULL,NULL,NULL),(303,'24',1,'24',24.00,NULL,NULL,NULL,NULL,NULL,NULL,NULL),(304,'25',1,'25',25.00,NULL,NULL,NULL,NULL,NULL,NULL,NULL),(305,'26',1,'26',26.00,NULL,NULL,NULL,NULL,NULL,NULL,NULL),(306,'27',1,'27',27.00,NULL,NULL,NULL,NULL,NULL,NULL,NULL),(307,'28',1,'28',28.00,NULL,NULL,NULL,NULL,NULL,NULL,NULL),(308,'29',1,'29',29.00,NULL,NULL,NULL,NULL,NULL,NULL,NULL),(309,'30',1,'30',30.00,NULL,NULL,NULL,NULL,NULL,NULL,NULL),(310,'31',1,'31',31.00,NULL,NULL,NULL,NULL,NULL,NULL,NULL),(311,'32',1,'32',32.00,NULL,NULL,NULL,NULL,NULL,NULL,NULL),(312,'33',1,'33',33.00,NULL,NULL,NULL,NULL,NULL,NULL,NULL),(313,'34',1,'34',34.00,NULL,NULL,NULL,NULL,NULL,NULL,NULL),(314,'35',1,'35',35.00,NULL,NULL,NULL,NULL,NULL,NULL,NULL),(315,'36',1,'36',36.00,NULL,NULL,NULL,NULL,NULL,NULL,NULL),(316,'37',1,'37',37.00,NULL,NULL,NULL,NULL,NULL,NULL,NULL),(317,'38',1,'38',38.00,NULL,NULL,NULL,NULL,NULL,NULL,NULL),(318,'39',1,'39',39.00,NULL,NULL,NULL,NULL,NULL,NULL,NULL),(319,'Subway@gmail',2,'555555555555',55555.00,NULL,NULL,NULL,NULL,NULL,NULL,NULL);
/*!40000 ALTER TABLE `tbl_products` ENABLE KEYS */;
UNLOCK TABLES;

--
-- Table structure for table `tbl_reviews`
--

DROP TABLE IF EXISTS `tbl_reviews`;
/*!40101 SET @saved_cs_client     = @@character_set_client */;
/*!50503 SET character_set_client = utf8mb4 */;
CREATE TABLE `tbl_reviews` (
  `id` int NOT NULL AUTO_INCREMENT,
  `user_id` int NOT NULL,
  `rate` int DEFAULT NULL,
  `content` longtext,
  `created_at` datetime DEFAULT NULL,
  `product_id` int NOT NULL,
  `updated_at` datetime DEFAULT NULL,
  PRIMARY KEY (`id`),
  KEY `fk_product_id_idx` (`product_id`),
  KEY `fk_user_id_revews_idx` (`user_id`),
  CONSTRAINT `fk_product_id` FOREIGN KEY (`product_id`) REFERENCES `tbl_products` (`id`) ON DELETE CASCADE ON UPDATE RESTRICT,
  CONSTRAINT `fk_user_id_revews` FOREIGN KEY (`user_id`) REFERENCES `tbl_users` (`id`) ON DELETE CASCADE ON UPDATE RESTRICT
) ENGINE=InnoDB AUTO_INCREMENT=2 DEFAULT CHARSET=utf8mb4 COLLATE=utf8mb4_0900_ai_ci;
/*!40101 SET character_set_client = @saved_cs_client */;

--
-- Dumping data for table `tbl_reviews`
--

LOCK TABLES `tbl_reviews` WRITE;
/*!40000 ALTER TABLE `tbl_reviews` DISABLE KEYS */;
INSERT INTO `tbl_reviews` VALUES (1,1,4,'hay',NULL,36,NULL);
/*!40000 ALTER TABLE `tbl_reviews` ENABLE KEYS */;
UNLOCK TABLES;

--
-- Table structure for table `tbl_role`
--

DROP TABLE IF EXISTS `tbl_role`;
/*!40101 SET @saved_cs_client     = @@character_set_client */;
/*!50503 SET character_set_client = utf8mb4 */;
CREATE TABLE `tbl_role` (
  `id` int NOT NULL AUTO_INCREMENT,
  `name` varchar(200) NOT NULL,
  PRIMARY KEY (`id`)
) ENGINE=InnoDB AUTO_INCREMENT=3 DEFAULT CHARSET=utf8mb4 COLLATE=utf8mb4_0900_ai_ci;
/*!40101 SET character_set_client = @saved_cs_client */;

--
-- Dumping data for table `tbl_role`
--

LOCK TABLES `tbl_role` WRITE;
/*!40000 ALTER TABLE `tbl_role` DISABLE KEYS */;
INSERT INTO `tbl_role` VALUES (1,'user'),(2,'admin');
/*!40000 ALTER TABLE `tbl_role` ENABLE KEYS */;
UNLOCK TABLES;

--
-- Table structure for table `tbl_shipers_transport`
--

DROP TABLE IF EXISTS `tbl_shipers_transport`;
/*!40101 SET @saved_cs_client     = @@character_set_client */;
/*!50503 SET character_set_client = utf8mb4 */;
CREATE TABLE `tbl_shipers_transport` (
  `id` int NOT NULL AUTO_INCREMENT,
  `name` varchar(200) NOT NULL,
  `price` decimal(13,2) DEFAULT NULL,
  `created_at` datetime DEFAULT NULL,
  `updated_at` datetime DEFAULT NULL,
  PRIMARY KEY (`id`)
) ENGINE=InnoDB AUTO_INCREMENT=4 DEFAULT CHARSET=utf8mb4 COLLATE=utf8mb4_0900_ai_ci;
/*!40101 SET character_set_client = @saved_cs_client */;

--
-- Dumping data for table `tbl_shipers_transport`
--

LOCK TABLES `tbl_shipers_transport` WRITE;
/*!40000 ALTER TABLE `tbl_shipers_transport` DISABLE KEYS */;
INSERT INTO `tbl_shipers_transport` VALUES (1,'Subway@gmail',5555.00,NULL,NULL),(2,'thanh',99.00,NULL,NULL),(3,'Subway@gmail',55555.00,NULL,NULL);
/*!40000 ALTER TABLE `tbl_shipers_transport` ENABLE KEYS */;
UNLOCK TABLES;

--
-- Table structure for table `tbl_user_role`
--

DROP TABLE IF EXISTS `tbl_user_role`;
/*!40101 SET @saved_cs_client     = @@character_set_client */;
/*!50503 SET character_set_client = utf8mb4 */;
CREATE TABLE `tbl_user_role` (
  `user_id` int NOT NULL,
  `role_id` int NOT NULL,
  PRIMARY KEY (`user_id`,`role_id`),
  KEY `fk_user_role_id_idx` (`role_id`),
  CONSTRAINT `fk_user_role__user_id` FOREIGN KEY (`user_id`) REFERENCES `tbl_users` (`id`) ON DELETE CASCADE ON UPDATE RESTRICT,
  CONSTRAINT `fk_user_role_id` FOREIGN KEY (`role_id`) REFERENCES `tbl_role` (`id`) ON DELETE CASCADE ON UPDATE RESTRICT
) ENGINE=InnoDB DEFAULT CHARSET=utf8mb4 COLLATE=utf8mb4_0900_ai_ci;
/*!40101 SET character_set_client = @saved_cs_client */;

--
-- Dumping data for table `tbl_user_role`
--

LOCK TABLES `tbl_user_role` WRITE;
/*!40000 ALTER TABLE `tbl_user_role` DISABLE KEYS */;
INSERT INTO `tbl_user_role` VALUES (1,1),(19,1),(20,1),(2,2);
/*!40000 ALTER TABLE `tbl_user_role` ENABLE KEYS */;
UNLOCK TABLES;

--
-- Table structure for table `tbl_users`
--

DROP TABLE IF EXISTS `tbl_users`;
/*!40101 SET @saved_cs_client     = @@character_set_client */;
/*!50503 SET character_set_client = utf8mb4 */;
CREATE TABLE `tbl_users` (
  `id` int NOT NULL AUTO_INCREMENT,
  `username` varchar(200) COLLATE utf8mb4_unicode_ci NOT NULL,
  `password` varchar(200) COLLATE utf8mb4_unicode_ci NOT NULL,
  `email` varchar(200) COLLATE utf8mb4_unicode_ci NOT NULL,
  `adress` varchar(200) COLLATE utf8mb4_unicode_ci DEFAULT 'null',
  `cmt` varchar(200) COLLATE utf8mb4_unicode_ci DEFAULT 'null',
  `created_at` datetime DEFAULT NULL,
  `updated_at` datetime DEFAULT NULL,
  `phone` varchar(200) COLLATE utf8mb4_unicode_ci DEFAULT 'null',
  `name` varchar(200) COLLATE utf8mb4_unicode_ci DEFAULT NULL,
  PRIMARY KEY (`id`)
) ENGINE=InnoDB AUTO_INCREMENT=21 DEFAULT CHARSET=utf8mb4 COLLATE=utf8mb4_unicode_ci;
/*!40101 SET character_set_client = @saved_cs_client */;

--
-- Dumping data for table `tbl_users`
--

LOCK TABLES `tbl_users` WRITE;
/*!40000 ALTER TABLE `tbl_users` DISABLE KEYS */;
INSERT INTO `tbl_users` VALUES (1,'thanh98','$2a$04$RDxSnuRZWbiwJDxN.dfDuuydmL7xDjjzDoMOL4Trzcwq3KUIwgcdW','thanha4@gmail.com','ha noi','036098',NULL,NULL,'null',NULL),(2,'thanh99','$2a$04$QiryLhQD.GPd99y/FQF9FeqzV1o8orcPoWPCqBx8fgOX/Ni675Abm','thanh99@gmail.com','hanoi','65656',NULL,NULL,'null',NULL),(19,'tienthanha4@gmail.com','$2a$04$fZLmcrFP9J14JMeTvryEI.7yq5sG2JEUPZwHPtaU5n3pieth/vaMW','tienthanha4@gmail.com',NULL,NULL,NULL,NULL,NULL,NULL),(20,'Subway@gmail','$2a$04$abclijskfmqlhx5lXeH86O5oXLCi84.mG0PVppFQgTmBRE2MzcodC','Tienthanha5554@gmail.com',NULL,NULL,NULL,NULL,NULL,NULL);
/*!40000 ALTER TABLE `tbl_users` ENABLE KEYS */;
UNLOCK TABLES;

--
-- Table structure for table `tlb_order_details`
--

DROP TABLE IF EXISTS `tlb_order_details`;
/*!40101 SET @saved_cs_client     = @@character_set_client */;
/*!50503 SET character_set_client = utf8mb4 */;
CREATE TABLE `tlb_order_details` (
  `id` int NOT NULL AUTO_INCREMENT,
  `product_id` int NOT NULL,
  `quality` int DEFAULT NULL,
  `order_id` int NOT NULL,
  `created_at` datetime DEFAULT NULL,
  `updated_at` datetime DEFAULT NULL,
  PRIMARY KEY (`id`),
  KEY `fk_oders_id_idx` (`order_id`),
  KEY `fk_product_id_idx` (`product_id`),
  CONSTRAINT `fk_oders_id` FOREIGN KEY (`order_id`) REFERENCES `tbl_order` (`id`) ON DELETE CASCADE ON UPDATE RESTRICT,
  CONSTRAINT `fk_product_id_order_details` FOREIGN KEY (`product_id`) REFERENCES `tbl_products` (`id`)
) ENGINE=InnoDB AUTO_INCREMENT=3 DEFAULT CHARSET=utf8mb4 COLLATE=utf8mb4_0900_ai_ci;
/*!40101 SET character_set_client = @saved_cs_client */;

--
-- Dumping data for table `tlb_order_details`
--

LOCK TABLES `tlb_order_details` WRITE;
/*!40000 ALTER TABLE `tlb_order_details` DISABLE KEYS */;
INSERT INTO `tlb_order_details` VALUES (1,36,5,1,NULL,NULL),(2,36,4,2,NULL,NULL);
/*!40000 ALTER TABLE `tlb_order_details` ENABLE KEYS */;
UNLOCK TABLES;
/*!40103 SET TIME_ZONE=@OLD_TIME_ZONE */;

/*!40101 SET SQL_MODE=@OLD_SQL_MODE */;
/*!40014 SET FOREIGN_KEY_CHECKS=@OLD_FOREIGN_KEY_CHECKS */;
/*!40014 SET UNIQUE_CHECKS=@OLD_UNIQUE_CHECKS */;
/*!40101 SET CHARACTER_SET_CLIENT=@OLD_CHARACTER_SET_CLIENT */;
/*!40101 SET CHARACTER_SET_RESULTS=@OLD_CHARACTER_SET_RESULTS */;
/*!40101 SET COLLATION_CONNECTION=@OLD_COLLATION_CONNECTION */;
/*!40111 SET SQL_NOTES=@OLD_SQL_NOTES */;

-- Dump completed on 2022-01-18 20:28:40
